{
    "M4X85EAR": {
        "time": 1736547031.674952,
        "price": 1100.0
    },
    "L42873AP": {
        "time": 1736592051.5333166,
        "price": 360.0
    },
    "U528MZN2": {
        "time": 1736596644.0117688,
        "price": 660.0
    },
    "JJ5KUE1P": {
        "time": 1736597770.1754837,
        "price": 120.0
    },
    "D2BR1H6H": {
        "time": 1736605352.445441,
        "price": 1.0
    },
    "KUTWRMZT": {
        "time": 1736605905.7459896,
        "price": 1100.0
    },
    "N91NJ264": {
        "time": 1736610443.228241,
        "price": 120.0
    }
}